Package,LibPath,Version,Priority,Depends,Imports,LinkingTo,Suggests,Enhances,License,License_is_FOSS,License_restricts_use,OS_type,MD5sum,NeedsCompilation,Built
abind,/Users/dagniel/Library/R/3.5/library,1.4-5,NA,R (>= 1.5.0),"methods, utils",NA,NA,NA,LGPL (>= 2),NA,NA,NA,NA,no,3.5.0
acepack,/Users/dagniel/Library/R/3.5/library,1.4.1,NA,NA,NA,NA,testthat,NA,MIT + file LICENSE,NA,NA,NA,NA,yes,3.5.0
akima,/Users/dagniel/Library/R/3.5/library,0.6-2,NA,R (>= 2.0.0),sp,NA,NA,NA,ACM | file LICENSE,NA,yes,NA,NA,yes,3.5.0
Amelia,/Users/dagniel/Library/R/3.5/library,1.7.5,NA,"R (>= 3.0.2), Rcpp (>= 0.11)","foreign, utils, grDevices, graphics, methods, stats","Rcpp (>= 0.11), RcppArmadillo","tcltk, Zelig",NA,GPL (>= 2),NA,NA,NA,NA,yes,3.5.0
annotate,/Users/dagniel/Library/R/3.5/library,1.58.0,NA,"R (>= 2.10), AnnotationDbi (>= 1.27.5), XML","Biobase, DBI, xtable, graphics, utils, stats, methods,
BiocGenerics (>= 0.13.8), RCurl",NA,"hgu95av2.db, genefilter, Biostrings (>= 2.25.10), IRanges,
rae230a.db, rae230aprobe, tkWidgets, GO.db, org.Hs.eg.db,
org.Mm.eg.db, hom.Hs.inp.db, humanCHRLOC, Rgraphviz, RUnit,",NA,Artistic-2.0,NA,NA,NA,NA,no,3.5.0
AnnotationDbi,/Users/dagniel/Library/R/3.5/library,1.42.1,NA,"R (>= 2.7.0), methods, utils, stats4, BiocGenerics (>=
0.23.1), Biobase (>= 1.17.0), IRanges","DBI, RSQLite, S4Vectors (>= 0.9.25)",NA,"hgu95av2.db, GO.db, org.Sc.sgd.db, org.At.tair.db, KEGG.db,
RUnit, TxDb.Hsapiens.UCSC.hg19.knownGene, hom.Hs.inp.db,
org.Hs.eg.db, reactome.db, AnnotationForge, graph,
EnsDb.Hsapiens.v75, BiocStyle, knitr",NA,Artistic-2.0,NA,NA,NA,NA,no,3.5.0
assertthat,/Users/dagniel/Library/R/3.5/library,0.2.0,NA,NA,tools,NA,testthat,NA,GPL-3,NA,NA,NA,NA,no,3.5.0
ATE,/Users/dagniel/Library/R/3.5/library,0.2.0,NA,NA,NA,NA,NA,NA,GPL (>= 2),NA,NA,NA,NA,no,3.5.0
backports,/Users/dagniel/Library/R/3.5/library,1.1.2,NA,R (>= 3.0.0),utils,NA,NA,NA,GPL-2,NA,NA,NA,NA,yes,3.5.0
base64enc,/Users/dagniel/Library/R/3.5/library,0.1-3,NA,R (>= 2.9.0),NA,NA,NA,png,GPL-2 | GPL-3,NA,NA,NA,NA,yes,3.5.0
bayesplot,/Users/dagniel/Library/R/3.5/library,1.6.0,NA,R (>= 3.1.0),"dplyr (>= 0.7.1), ggplot2 (>= 2.2.1), reshape2, stats, utils,
rlang, ggridges",NA,"arm, gridExtra (>= 2.2.1), knitr (>= 1.16), loo (>= 2.0.0),
rmarkdown (>= 1.0.0), rstan (>= 2.17.1), rstanarm (>= 2.17.4),
rstantools (>= 1.5.0), scales, shinystan (>= 2.3.0), testthat
(>= 2.0.0), vdiffr",NA,GPL (>= 3),NA,NA,NA,NA,no,3.5.0
BH,/Users/dagniel/Library/R/3.5/library,1.66.0-1,NA,NA,NA,NA,NA,NA,BSL-1.0,NA,NA,NA,NA,no,3.5.0
bindr,/Users/dagniel/Library/R/3.5/library,0.1.1,NA,NA,NA,NA,testthat,NA,MIT + file LICENSE,NA,NA,NA,NA,no,3.5.0
bindrcpp,/Users/dagniel/Library/R/3.5/library,0.2.2,NA,NA,"bindr (>= 0.1.1), Rcpp (>= 0.12.16)","plogr, Rcpp",testthat,NA,MIT + file LICENSE,NA,NA,NA,NA,yes,3.5.0
binom,/Users/dagniel/Library/R/3.5/library,1.1-1,NA,NA,NA,NA,"lattice, polynom, tcltk, ggplot2",NA,GPL,NA,NA,NA,NA,yes,3.5.0
Biobase,/Users/dagniel/Library/R/3.5/library,2.40.0,NA,"R (>= 2.10), BiocGenerics (>= 0.3.2), utils",methods,NA,"tools, tkWidgets, ALL, RUnit, golubEsets",NA,Artistic-2.0,NA,NA,NA,NA,yes,3.5.0
BiocGenerics,/Users/dagniel/Library/R/3.5/library,0.26.0,NA,"methods, utils, graphics, stats, parallel","methods, utils, graphics, stats, parallel",NA,"Biobase, S4Vectors, IRanges, GenomicRanges, Rsamtools,
AnnotationDbi, oligoClasses, oligo, affyPLM, flowClust, affy,
DESeq2, MSnbase, annotate, RUnit",NA,Artistic-2.0,NA,NA,NA,NA,no,3.5.0
BiocInstaller,/Users/dagniel/Library/R/3.5/library,1.30.0,NA,R (>= 3.5.0),NA,NA,"remotes, RUnit, BiocGenerics",NA,Artistic-2.0,NA,NA,NA,NA,no,3.5.0
BiocParallel,/Users/dagniel/Library/R/3.5/library,1.14.1,NA,methods,"stats, utils, futile.logger, parallel, snow",BH,"BiocGenerics, tools, foreach, BatchJobs, BBmisc, doParallel,
Rmpi, GenomicRanges, RNAseqData.HNRNPC.bam.chr14,
TxDb.Hsapiens.UCSC.hg19.knownGene, VariantAnnotation,
Rsamtools, GenomicAlignments, ShortRead, codetools, RUnit,
BiocStyle, knitr, batchtools",NA,GPL-2 | GPL-3,NA,NA,NA,NA,yes,3.5.0
bit,/Users/dagniel/Library/R/3.5/library,1.1-14,NA,R (>= 2.9.2),NA,NA,NA,NA,GPL-2,NA,NA,NA,NA,yes,3.5.0
bit64,/Users/dagniel/Library/R/3.5/library,0.9-7,NA,"R (>= 3.0.1), bit (>= 1.1-12), utils, methods, stats",NA,NA,NA,NA,GPL-2,NA,NA,NA,NA,yes,3.5.0
bitops,/Users/dagniel/Library/R/3.5/library,1.0-6,NA,NA,NA,NA,NA,NA,GPL (>= 2),NA,NA,NA,NA,yes,3.5.0
blob,/Users/dagniel/Library/R/3.5/library,1.1.1,NA,NA,"methods, prettyunits",NA,"covr, pillar (>= 1.2.1), testthat",NA,GPL-3,NA,NA,NA,NA,no,3.5.0
brew,/Users/dagniel/Library/R/3.5/library,1.0-6,NA,NA,NA,NA,NA,NA,GPL-2,NA,NA,NA,NA,NA,3.5.0
broom,/Users/dagniel/Library/R/3.5/library,0.4.4,NA,NA,"plyr, dplyr, tidyr, psych, stringr, reshape2, nlme, methods",NA,"knitr, boot, survival, gam, glmnet, lfe, Lahman, MASS, rgeos,
sp, maps, maptools, multcomp, testthat, lme4, zoo, lmtest, plm,
biglm, ggplot2, nnet, geepack, AUC, ergm, network,
statnet.common, xergm, btergm, binGroup, Hmisc, bbmle, gamlss,
rstan, rstanarm, brms, coda, gmm, Matrix, ks, purrr, orcutt,
mgcv, lmodel2, poLCA, mclust, covr, lsmeans, emmeans, betareg,
robust, akima, AER, muhaz, speedglm, tibble",NA,MIT + file LICENSE,NA,NA,NA,NA,no,3.5.0
callr,/Users/dagniel/Library/R/3.5/library,2.0.4,NA,NA,"processx (>= 3.1.0), R6, utils",NA,"covr, testthat, withr",NA,MIT + file LICENSE,NA,NA,NA,NA,no,3.5.0
caTools,/Users/dagniel/Library/R/3.5/library,1.17.1,NA,R (>= 2.2.0),bitops,NA,"MASS, rpart",NA,GPL-3,NA,NA,NA,NA,yes,3.5.0
CCA,/Users/dagniel/Library/R/3.5/library,1.2,NA,"fda, fields",NA,NA,NA,NA,GPL (>= 2),NA,NA,NA,NA,NA,3.5.0
cci,/Users/dagniel/Library/R/3.5/library,0.1.0,NA,NA,NA,NA,NA,NA,What license is it under?,NA,NA,NA,NA,NA,3.5.0
cellranger,/Users/dagniel/Library/R/3.5/library,1.1.0,NA,R (>= 3.0.0),"rematch, tibble",NA,"covr, testthat (>= 1.0.0), knitr, rmarkdown",NA,MIT + file LICENSE,NA,NA,NA,NA,no,3.5.0
cem,/Users/dagniel/Library/R/3.5/library,1.1.19,NA,"tcltk, lattice","MatchIt, combinat, randomForest, nlme",NA,Amelia(>= 1.2-0),NA,GPL-2,NA,NA,NA,NA,no,3.5.0
checkmate,/Users/dagniel/Library/R/3.5/library,1.8.5,NA,R (>= 3.0.0),"backports (>= 1.1.0), utils",NA,"R6, bit, fastmatch, data.table (>= 1.9.8), devtools, ggplot2,
knitr, magrittr, microbenchmark, rmarkdown, testthat (>=
0.11.0), tibble",NA,BSD_3_clause + file LICENSE,NA,NA,NA,NA,yes,3.5.0
cli,/Users/dagniel/Library/R/3.5/library,1.0.0,NA,R (>= 2.10),"assertthat, crayon, methods",NA,"covr, mockery, testthat, withr",NA,MIT + file LICENSE,NA,NA,NA,NA,no,3.5.0
clipr,/Users/dagniel/Library/R/3.5/library,0.5.0,NA,NA,utils,NA,"covr, rstudioapi (>= 0.5), testthat (>= 2.0.0)",NA,GPL-3,NA,NA,NA,NA,no,3.5.2
clisymbols,/Users/dagniel/Library/R/3.5/library,1.2.0,NA,NA,NA,NA,testthat,NA,MIT + file LICENSE,NA,NA,NA,NA,no,3.5.0
clusterGeneration,/Users/dagniel/Library/R/3.5/library,1.3.4,NA,"R (>= 2.9.1), MASS",NA,NA,NA,NA,GPL (>= 2),NA,NA,NA,NA,no,3.5.0
coda,/Users/dagniel/Library/R/3.5/library,0.19-1,NA,R (>= 2.14.0),lattice,NA,NA,NA,GPL (>= 2),NA,NA,NA,NA,no,3.5.0
colorspace,/Users/dagniel/Library/R/3.5/library,1.3-2,NA,"R (>= 2.13.0), methods","graphics, grDevices",NA,"datasets, stats, utils, KernSmooth, MASS, kernlab, mvtnorm,
vcd, dichromat, tcltk, shiny, shinyjs",NA,BSD_3_clause + file LICENSE,NA,NA,NA,NA,yes,3.5.0
colourpicker,/Users/dagniel/Library/R/3.5/library,1.0,NA,R (>= 3.1.0),"ggplot2, htmltools, htmlwidgets (>= 0.7), jsonlite, miniUI (>=
0.1.1), shiny (>= 0.11.1), shinyjs, utils",NA,"knitr (>= 1.7), rmarkdown, rstudioapi (>= 0.5)",NA,MIT + file LICENSE,NA,NA,NA,NA,no,3.5.0
combinat,/Users/dagniel/Library/R/3.5/library,0.0-8,NA,NA,NA,NA,NA,NA,GPL-2,NA,NA,NA,NA,NA,3.5.0
commonmark,/Users/dagniel/Library/R/3.5/library,1.5,NA,NA,NA,NA,curl,NA,BSD_2_clause + file LICENSE,NA,NA,NA,NA,yes,3.5.0
CompQuadForm,/Users/dagniel/Library/R/3.5/library,1.4.3,NA,NA,NA,NA,NA,NA,GPL (>= 2),NA,NA,NA,NA,yes,3.5.0
crayon,/Users/dagniel/Library/R/3.5/library,1.3.4,NA,NA,"grDevices, methods, utils",NA,"mockery, rstudioapi, testthat, withr",NA,MIT + file LICENSE,NA,NA,NA,NA,no,3.5.0
crosstalk,/Users/dagniel/Library/R/3.5/library,1.0.0,NA,NA,"htmltools (>= 0.3.5), jsonlite, lazyeval, R6, shiny (>= 0.11),
ggplot2",NA,NA,NA,MIT + file LICENSE,NA,NA,NA,NA,no,3.5.0
curl,/Users/dagniel/Library/R/3.5/library,3.2,NA,R (>= 3.0.0),NA,NA,"spelling, testthat (>= 1.0.0), knitr, jsonlite, rmarkdown,
magrittr, httpuv, webutils",NA,MIT + file LICENSE,NA,NA,NA,NA,yes,3.5.0
data.table,/Users/dagniel/Library/R/3.5/library,1.11.4,NA,R (>= 3.1.0),methods,NA,"bit64, curl, knitr, xts, nanotime, zoo, reshape2",NA,MPL-2.0 | file LICENSE,NA,NA,NA,NA,yes,3.5.0
DBI,/Users/dagniel/Library/R/3.5/library,1.0.0,NA,"R (>= 3.0.0), methods",NA,NA,"blob, covr, hms, knitr, magrittr, rprojroot, rmarkdown,
RSQLite (>= 1.1-2), testthat, xml2",NA,LGPL (>= 2),NA,NA,NA,NA,no,3.5.0
dbplyr,/Users/dagniel/Library/R/3.5/library,1.2.1,NA,R (>= 3.2),"assertthat (>= 0.2.0), DBI (>= 0.7), dplyr (>= 0.7.4), glue
(>= 1.2.0), methods, purrr (>= 0.2.4), R6 (>= 2.2.2), rlang (>=
0.1.6), tibble (>= 1.4.1), tidyselect (>= 0.2.2), utils",NA,"bit64, covr, knitr, Lahman (>= 5.0.0), nycflights13 (>=
0.2.2), rmarkdown, RMariaDB (>= 1.0.2), RMySQL (>= 0.10.11),
RPostgreSQL (>= 0.4.1), RSQLite (>= 2.0), testthat (>= 2.0.0)",NA,MIT + file LICENSE,NA,NA,NA,NA,no,3.5.0
DelayedArray,/Users/dagniel/Library/R/3.5/library,0.6.1,NA,"R (>= 3.4), methods, stats4, matrixStats, BiocGenerics (>=
0.25.1), S4Vectors (>= 0.17.43), IRanges (>= 2.11.17),
BiocParallel",stats,NA,"Matrix, HDF5Array, genefilter, SummarizedExperiment, airway,
pryr, knitr, BiocStyle",NA,Artistic-2.0,NA,NA,NA,NA,no,3.5.0
desc,/Users/dagniel/Library/R/3.5/library,1.2.0,NA,R (>= 3.1.0),"assertthat, utils, R6, crayon, rprojroot",NA,"covr, testthat, whoami, withr",NA,MIT + file LICENSE,NA,NA,NA,NA,no,3.5.0
DESeq2,/Users/dagniel/Library/R/3.5/library,1.20.0,NA,"S4Vectors (>= 0.9.25), IRanges, GenomicRanges,
SummarizedExperiment (>= 1.1.6)","BiocGenerics (>= 0.7.5), Biobase, BiocParallel, genefilter,
methods, locfit, geneplotter, ggplot2, Hmisc, Rcpp (>= 0.11.0)","Rcpp, RcppArmadillo","testthat, knitr, rmarkdown, vsn, pheatmap, RColorBrewer, IHW,
apeglm, ashr, tximport, tximportData, readr, pbapply, airway,
pasilla (>= 0.2.10)",NA,LGPL (>= 3),NA,NA,NA,NA,yes,3.5.0
devtools,/Users/dagniel/Library/R/3.5/library,1.13.6,NA,R (>= 3.0.2),"httr (>= 0.4), utils, tools, methods, memoise (>= 1.0.0),
whisker, digest, rstudioapi (>= 0.2.0), jsonlite, stats, git2r
(>= 0.11.0), withr",NA,"curl (>= 0.9), crayon, testthat (>= 1.0.2), BiocInstaller,
Rcpp (>= 0.10.0), MASS, rmarkdown, knitr, hunspell (>= 2.0),
lintr (>= 0.2.1), bitops, roxygen2 (>= 5.0.0), evaluate,
rversions, covr, gmailr (> 0.7.0)",NA,GPL (>= 2),NA,NA,NA,NA,no,3.5.0
DiceKriging,/Users/dagniel/Library/R/3.5/library,1.5.5,NA,methods,NA,NA,"rgenoud, foreach, doParallel, testthat",NA,GPL-2 | GPL-3,NA,NA,NA,NA,yes,3.5.0
dichromat,/Users/dagniel/Library/R/3.5/library,2.0-0,NA,"R (>= 2.10), stats",NA,NA,NA,NA,GPL-2,NA,NA,NA,NA,NA,3.5.0
digest,/Users/dagniel/Library/R/3.5/library,0.6.18,NA,R (>= 3.1.0),NA,NA,"knitr, rmarkdown",NA,GPL (>= 2),NA,NA,NA,NA,yes,3.5.0
DiscreteFDR,/Users/dagniel/Library/R/3.5/library,1.0,NA,R (>= 2.10),NA,NA,NA,NA,MIT + file LICENSE,NA,NA,NA,NA,no,3.5.0
Dmisc,/Users/dagniel/Library/R/3.5/library,0.1,NA,NA,NA,NA,NA,NA,What license is it under?,NA,NA,NA,NA,NA,3.5.0
dotCall64,/Users/dagniel/Library/R/3.5/library,0.9-5.2,NA,R (>= 3.1),NA,NA,"microbenchmark, OpenMPController, RColorBrewer, roxygen2,
spam, testthat,",NA,GPL (>= 2),NA,NA,NA,NA,yes,3.5.0
dplyr,/Users/dagniel/Library/R/3.5/library,0.7.6,NA,R (>= 3.1.2),"assertthat (>= 0.2.0), bindrcpp (>= 0.2.0.9000), glue (>=
1.1.1), magrittr (>= 1.5), methods, pkgconfig (>= 2.0.1), R6
(>= 2.2.2), Rcpp (>= 0.12.15), rlang (>= 0.2.0), tibble (>=
1.3.1), tidyselect (>= 0.2.3), utils","BH (>= 1.58.0-1), bindrcpp (>= 0.2.0.9000), plogr (>=
0.1.10), Rcpp (>= 0.12.15)","bit64 (>= 0.9.7), callr, covr (>= 3.0.1), DBI (>= 0.7.14),
dbplyr (>= 1.2.0), dtplyr (>= 0.0.2), ggplot2 (>= 2.2.1), hms
(>= 0.4.1), knitr (>= 1.19), Lahman (>= 3.0-1), lubridate,
MASS, mgcv (>= 1.8.23), microbenchmark (>= 1.4.4), nycflights13
(>= 0.2.2), rmarkdown (>= 1.8), RMySQL (>= 0.10.13),
RPostgreSQL (>= 0.6.2), RSQLite (>= 2.0), testthat (>= 2.0.0),
withr (>= 2.1.1)",NA,MIT + file LICENSE,NA,NA,NA,NA,yes,3.5.1
DT,/Users/dagniel/Library/R/3.5/library,0.4,NA,NA,"htmltools (>= 0.3.6), htmlwidgets (>= 1.0), magrittr,
crosstalk",NA,"jsonlite (>= 0.9.16), knitr (>= 1.8), rmarkdown, shiny (>=
0.12.1)",NA,GPL-3 | file LICENSE,NA,NA,NA,NA,no,3.5.0
dtrslim,/Users/dagniel/Library/R/3.5/library,0.1.0,NA,NA,NA,NA,NA,NA,What license is it under?,NA,NA,NA,NA,NA,3.5.0
dtw,/Users/dagniel/Library/R/3.5/library,1.20-1,NA,"R (>= 2.10.0), proxy","graphics, grDevices, stats, utils",NA,NA,NA,GPL (>= 2),NA,NA,NA,NA,yes,3.5.0
dygraphs,/Users/dagniel/Library/R/3.5/library,1.1.1.6,NA,R (>= 3.0),"magrittr, htmlwidgets (>= 0.6), htmltools (>= 0.3.5), zoo (>=
1.7-10), xts (>= 0.9-7)",NA,testthat,"rmarkdown (>= 0.3.3), shiny (>= 0.10.2.1)",MIT + file LICENSE,NA,NA,NA,NA,no,3.5.0
edgeR,/Users/dagniel/Library/R/3.5/library,3.22.2,NA,"R (>= 2.15.0), limma (>= 3.34.5)","graphics, stats, utils, methods, locfit, Rcpp",Rcpp,"AnnotationDbi, org.Hs.eg.db, splines",NA,GPL (>=2),NA,NA,NA,NA,yes,3.5.0
evaluate,/Users/dagniel/Library/R/3.5/library,0.10.1,NA,R (>= 3.0.2),"methods, stringr (>= 0.6.2)",NA,"testthat, lattice, ggplot2",NA,MIT + file LICENSE,NA,NA,NA,NA,no,3.5.0
expm,/Users/dagniel/Library/R/3.5/library,0.999-3,NA,Matrix,methods,NA,"RColorBrewer, sfsmisc, Rmpfr",NA,GPL (>= 2),NA,NA,NA,NA,yes,3.5.0
extrafont,/Users/dagniel/Library/R/3.5/library,0.17,NA,R (>= 2.15),"extrafontdb, grDevices, utils, Rttf2pt1",NA,fontcm,NA,GPL-2,NA,NA,NA,NA,no,3.5.0
extrafontdb,/Users/dagniel/Library/R/3.5/library,1.0,NA,R (>= 2.14),NA,NA,NA,NA,GPL-2,NA,NA,NA,NA,NA,3.5.0
face,/Users/dagniel/Library/R/3.5/library,0.1-4,NA,R (>= 2.1.4),"stats, splines, Matrix, matrixcalc, mgcv, refund",NA,NA,NA,GPL-3,NA,NA,NA,NA,no,3.5.0
fcr,/Users/dagniel/Library/R/3.5/library,1.0,NA,"R (>= 3.2.4), face (>= 0.1), mgcv (>= 1.7), fields (>= 9.0)",NA,NA,"knitr, rmarkdown",NA,GPL (>= 3),NA,NA,NA,NA,no,3.5.0
fda,/Users/dagniel/Library/R/3.5/library,2.4.8,NA,"R (>= 2.10.0), splines, Matrix, graphics",NA,NA,"deSolve, R.matlab, quadprog, nlme, lattice, RCurl, zoo",NA,GPL (>= 2),NA,NA,NA,NA,no,3.5.0
fda.usc,/Users/dagniel/Library/R/3.5/library,1.4.0,NA,"R (>= 2.10), fda, splines, MASS, mgcv, rpart","methods, grDevices, graphics, utils, stats, nlme",NA,NA,NA,GPL-2,NA,NA,NA,NA,yes,3.5.0
fdapace,/Users/dagniel/Library/R/3.5/library,0.4.0,NA,NA,"Rcpp (>= 0.11.5), Hmisc, MASS, Matrix, pracma, numDeriv","Rcpp, RcppEigen","plot3D, rgl, aplpack, mgcv, ks, gtools, knitr, EMCluster,
minqa, testthat",NA,BSD_3_clause + file LICENSE,NA,NA,NA,NA,yes,3.5.0
fields,/Users/dagniel/Library/R/3.5/library,9.6,NA,"R (>= 3.0), methods, spam, maps",NA,NA,NA,NA,GPL (>= 2),NA,NA,NA,NA,yes,3.5.0
forcats,/Users/dagniel/Library/R/3.5/library,0.3.0,NA,R (>= 3.1),"magrittr, rlang, tibble",NA,"covr, ggplot2, testthat",NA,GPL-3,NA,NA,NA,NA,no,3.5.0
foreach,/Users/dagniel/Library/R/3.5/library,1.4.4,NA,R (>= 2.5.0),"codetools, utils, iterators",NA,randomForest,"compiler, doMC, RUnit, doParallel",Apache License (== 2.0),NA,NA,NA,NA,no,3.5.0
formatR,/Users/dagniel/Library/R/3.5/library,1.5,NA,R (>= 3.0.2),NA,NA,"codetools, shiny, testit, rmarkdown, knitr",NA,GPL,NA,NA,NA,NA,no,3.5.0
Formula,/Users/dagniel/Library/R/3.5/library,1.2-3,NA,"R (>= 2.0.0), stats",NA,NA,NA,NA,GPL-2 | GPL-3,NA,NA,NA,NA,no,3.5.0
fs,/Users/dagniel/Library/R/3.5/library,1.2.6,NA,R (>= 3.1),"methods, Rcpp",Rcpp,"testthat, covr, pillar (>= 1.0.0), crayon, withr",NA,GPL-3,NA,NA,NA,NA,yes,3.5.0
futile.logger,/Users/dagniel/Library/R/3.5/library,1.4.3,NA,R (>= 3.0.0),"utils, lambda.r (>= 1.1.0), futile.options",NA,"testthat, jsonlite",NA,LGPL-3,NA,NA,NA,NA,no,3.5.0
futile.options,/Users/dagniel/Library/R/3.5/library,1.0.1,NA,R (>= 2.8.0),NA,NA,NA,NA,LGPL-3,NA,NA,NA,NA,no,3.5.0
gam,/Users/dagniel/Library/R/3.5/library,1.16,NA,"stats, splines, foreach",NA,NA,akima,NA,GPL-2,NA,NA,NA,NA,yes,3.5.0
gamm4,/Users/dagniel/Library/R/3.5/library,0.2-5,NA,"R (>= 2.9.0), methods, Matrix, lme4 (>= 0.999375-31), mgcv (>=
1.7-23)",NA,NA,NA,NA,GPL (>= 2),NA,NA,NA,NA,no,3.5.0
gbm,/Users/dagniel/Library/R/3.5/library,2.1.4,NA,R (>= 2.9.0),"gridExtra, lattice, parallel, survival",NA,"knitr, pdp, RUnit, splines, viridis",NA,GPL (>= 2) | file LICENSE,NA,NA,NA,NA,yes,3.5.0
gdata,/Users/dagniel/Library/R/3.5/library,2.18.0,NA,R (>= 2.3.0),"gtools, stats, methods, utils",NA,RUnit,NA,GPL-2,NA,NA,NA,NA,no,3.5.0
genefilter,/Users/dagniel/Library/R/3.5/library,1.62.0,NA,NA,"S4Vectors (>= 0.9.42), AnnotationDbi, annotate, Biobase,
graphics, methods, stats, survival",NA,"class, hgu95av2.db, tkWidgets, ALL, ROC, DESeq, pasilla,
BiocStyle, knitr",NA,Artistic-2.0,NA,NA,NA,NA,yes,3.5.0
geneplotter,/Users/dagniel/Library/R/3.5/library,1.58.0,NA,"R (>= 2.10), methods, Biobase, BiocGenerics, lattice, annotate","AnnotationDbi, graphics, grDevices, grid, RColorBrewer, stats,
utils",NA,"Rgraphviz, fibroEset, hgu95av2.db, hu6800.db, hgu133a.db",NA,Artistic-2.0,NA,NA,NA,NA,no,3.5.0
GenomeInfoDb,/Users/dagniel/Library/R/3.5/library,1.16.0,NA,"R (>= 3.1), methods, BiocGenerics (>= 0.13.8), S4Vectors (>=
0.17.25), IRanges (>= 2.13.12)","stats, stats4, utils, RCurl, GenomeInfoDbData",NA,"GenomicRanges, Rsamtools, GenomicAlignments, BSgenome,
GenomicFeatures, BSgenome.Scerevisiae.UCSC.sacCer2,
BSgenome.Celegans.UCSC.ce2, BSgenome.Hsapiens.NCBI.GRCh38,
TxDb.Dmelanogaster.UCSC.dm3.ensGene, RUnit, BiocStyle, knitr",NA,Artistic-2.0,NA,NA,NA,NA,no,3.5.0
GenomeInfoDbData,/Users/dagniel/Library/R/3.5/library,1.1.0,NA,R (>= 3.3),NA,NA,NA,NA,Artistic-2.0,NA,NA,NA,NA,no,3.5.0
GenomicRanges,/Users/dagniel/Library/R/3.5/library,1.32.3,NA,"R (>= 2.10), methods, stats4, BiocGenerics (>= 0.25.3),
S4Vectors (>= 0.17.32), IRanges (>= 2.14.4), GenomeInfoDb (>=
1.15.2)","utils, stats, XVector (>= 0.19.8)","S4Vectors, IRanges","Biobase, AnnotationDbi (>= 1.21.1), annotate, Biostrings (>=
2.25.3), Rsamtools (>= 1.13.53), SummarizedExperiment (>=
0.1.5), Matrix, GenomicAlignments, rtracklayer, BSgenome,
GenomicFeatures, Gviz, VariantAnnotation, AnnotationHub,
DESeq2, DEXSeq, edgeR, KEGGgraph, BiocStyle, digest, RUnit,
BSgenome.Hsapiens.UCSC.hg19, BSgenome.Scerevisiae.UCSC.sacCer2,
KEGG.db, hgu95av2.db, org.Hs.eg.db, org.Mm.eg.db,
org.Sc.sgd.db, pasilla, pasillaBamSubset,
TxDb.Athaliana.BioMart.plantsmart22,
TxDb.Dmelanogaster.UCSC.dm3.ensGene,
TxDb.Hsapiens.UCSC.hg19.knownGene,
BSgenome.Mmusculus.UCSC.mm10,
TxDb.Mmusculus.UCSC.mm10.knownGene,
RNAseqData.HNRNPC.bam.chr14, hgu95av2probe",NA,Artistic-2.0,NA,NA,NA,NA,yes,3.5.0
GGally,/Users/dagniel/Library/R/3.5/library,1.4.0,NA,"R (>= 3.1), ggplot2 (> 2.2.0)","grDevices, grid, gtable (>= 0.2.0), plyr (>= 1.8.3), progress,
RColorBrewer, reshape (>= 0.8.5), utils, rlang",NA,"broom (>= 0.4.0), chemometrics, geosphere (>= 1.5-1), igraph
(>= 1.0.1), intergraph (>= 2.0-2), maps (>= 3.1.0), mapproj,
network (>= 1.12.0), scagnostics, scales (>= 0.4.0), sna (>=
2.3-2), survival, packagedocs (>= 0.4.0), rmarkdown, roxygen2,
testthat, crosstalk",NA,GPL (>= 2.0),NA,NA,NA,NA,no,3.5.0
ggcorrplot,/Users/dagniel/Library/R/3.5/library,0.1.2,NA,ggplot2,"reshape2, stats",NA,knitr,NA,GPL-2,NA,NA,NA,NA,no,3.5.0
ggforce,/Users/dagniel/Library/R/3.5/library,0.1.2,NA,"ggplot2 (>= 2.2.0), R (>= 3.3.0)","Rcpp (>= 0.12.2), grid, dplyr, scales, MASS, tweenr (>=
0.1.5), units (>= 0.4), gtable, lazyeval",Rcpp,"knitr, rmarkdown, devtools",NA,GPL (>= 2),NA,NA,NA,NA,yes,3.5.0
ggplot2,/Users/dagniel/Library/R/3.5/library,3.1.0,NA,R (>= 3.1),"digest, grid, gtable (>= 0.1.1), lazyeval, MASS, mgcv, plyr
(>= 1.7.1), reshape2, rlang (>= 0.2.1), scales (>= 0.5.0),
stats, tibble, viridisLite, withr (>= 2.0.0)",NA,"covr, dplyr, ggplot2movies, hexbin, Hmisc, lattice, mapproj,
maps, maptools, multcomp, munsell, nlme, testthat (>= 0.11.0),
vdiffr, quantreg, knitr, rgeos, rpart, rmarkdown, sf (>=
0.3-4), svglite (>= 1.2.0.9001)",sp,GPL-2 | file LICENSE,NA,NA,NA,NA,no,3.5.0
ggraph,/Users/dagniel/Library/R/3.5/library,1.0.1,NA,"R (>= 2.10), ggplot2 (>= 2.0.0)","Rcpp (>= 0.12.2), dplyr, plyr, ggforce, grid, igraph (>=
1.0.0), scales, MASS, digest, gtable, ggrepel, utils, stats,
viridis",Rcpp,"network, knitr, rmarkdown",NA,GPL-3,NA,NA,NA,NA,yes,3.5.0
ggrepel,/Users/dagniel/Library/R/3.5/library,0.8.0,NA,"R (>= 3.0.0), ggplot2 (>= 2.2.0)","grid, Rcpp, scales (>= 0.3.0)",Rcpp,"knitr, rmarkdown, testthat, gridExtra, devtools, prettydoc",NA,GPL-3 | file LICENSE,NA,NA,NA,NA,yes,3.5.0
ggridges,/Users/dagniel/Library/R/3.5/library,0.5.0,NA,R (>= 3.2),"ggplot2 (>= 2.2.0), grid (>= 3.0.0), plyr (>= 1.8.0), scales
(>= 0.4.1), withr (>= 2.1.1)",NA,"covr, dplyr, gridExtra, ggplot2movies, DAAG, forcats, knitr,
rmarkdown, testthat, vdiffr, viridis",NA,GPL-2 | file LICENSE,NA,NA,NA,NA,no,3.5.0
ggthemes,/Users/dagniel/Library/R/3.5/library,3.5.0,NA,"R (>= 3.0.0),","assertthat, colorspace, ggplot2 (>= 2.2.0), graphics, grid,
methods, scales",NA,"spelling, dplyr, extrafont, knitr, lintr, maps, mapproj,
pander, purrr, rmarkdown, testthat, tibble, tidyr",NA,GPL-2,NA,NA,NA,NA,no,3.5.0
gh,/Users/dagniel/Library/R/3.5/library,1.0.1,NA,NA,"ini, jsonlite, httr",NA,"covr, pingr, testthat",NA,MIT + file LICENSE,NA,NA,NA,NA,no,3.5.0
git2r,/Users/dagniel/Library/R/3.5/library,0.24.0,NA,R (>= 3.1),"graphics, utils",NA,getPass,NA,GPL-2,NA,NA,NA,NA,yes,3.5.2
glmnet,/Users/dagniel/Library/R/3.5/library,2.0-16,NA,"Matrix (>= 1.0-6), utils, foreach",methods,NA,"survival, knitr, lars",NA,GPL-2,NA,NA,NA,NA,yes,3.5.0
glue,/Users/dagniel/Library/R/3.5/library,1.3.0,NA,R (>= 3.1),methods,NA,"testthat, covr, magrittr, crayon, knitr, rmarkdown, DBI,
RSQLite, R.utils, forcats, microbenchmark, rprintf, stringr,
ggplot2, dplyr, withr",NA,MIT + file LICENSE,NA,NA,NA,NA,yes,3.5.0
grf,/Users/dagniel/Library/R/3.5/library,0.10.0,NA,R (>= 3.3.0),"DiceKriging, Matrix, methods, Rcpp (>= 0.12.15), sandwich (>=
2.4-0)","Rcpp, RcppEigen",testthat,NA,GPL-3,NA,NA,NA,NA,yes,3.5.0
gridExtra,/Users/dagniel/Library/R/3.5/library,2.3,NA,NA,"gtable, grid, grDevices, graphics, utils",NA,"ggplot2, egg, lattice, knitr, testthat",NA,GPL (>= 2),NA,NA,NA,NA,no,3.5.0
grpreg,/Users/dagniel/Library/R/3.5/library,3.2-0,NA,R (>= 3.1.0),Matrix,NA,"grpregOverlap, knitr, survival",NA,GPL-3,NA,NA,NA,NA,yes,3.5.0
GSA,/Users/dagniel/Library/R/3.5/library,1.03,NA,NA,NA,NA,impute,NA,LGPL,NA,NA,NA,NA,NA,3.5.0
gtable,/Users/dagniel/Library/R/3.5/library,0.2.0,NA,R (>= 2.14),grid,NA,"testthat, covr",NA,GPL-2,NA,NA,NA,NA,no,3.5.0
gtools,/Users/dagniel/Library/R/3.5/library,3.8.1,NA,"methods, stats, utils",NA,NA,NA,NA,GPL-2,NA,NA,NA,NA,yes,3.5.0
haven,/Users/dagniel/Library/R/3.5/library,1.1.2.9000,NA,R (>= 3.1),"forcats (>= 0.2.0),
hms,
Rcpp (>= 0.11.4),
readr (>= 0.1.0),
tibble",Rcpp,"covr,
fs,
knitr,
rmarkdown,
testthat",NA,MIT + file LICENSE,NA,NA,NA,NA,NA,3.5.0
heiipkg,/Users/dagniel/Library/R/3.5/library,0.1.0,NA,NA,NA,NA,NA,NA,What license is it under?,NA,NA,NA,NA,NA,3.5.0
here,/Users/dagniel/Library/R/3.5/library,0.1,NA,NA,rprojroot (>= 1.2),NA,NA,NA,GPL-3,NA,NA,NA,NA,no,3.5.0
highr,/Users/dagniel/Library/R/3.5/library,0.7,NA,R (>= 3.0.2),NA,NA,"knitr, testit",NA,GPL,NA,NA,NA,NA,no,3.5.0
Hmisc,/Users/dagniel/Library/R/3.5/library,4.1-1,NA,"lattice, survival (>= 2.40-1), Formula, ggplot2 (>= 2.2)","methods, latticeExtra, cluster, rpart, nnet, acepack, foreign,
gtable, grid, gridExtra, data.table, htmlTable (>= 1.11.0),
viridis, htmltools, base64enc",NA,"chron, rms, mice, tables, knitr, ff, ffbase, plotly (>=
4.5.6)",NA,GPL (>= 2),NA,NA,NA,NA,yes,3.5.0
hms,/Users/dagniel/Library/R/3.5/library,0.4.2,NA,NA,"methods, pkgconfig, rlang",NA,"crayon, lubridate, pillar (>= 1.1.0), testthat",NA,GPL-3,NA,NA,NA,NA,no,3.5.0
hrbrthemes,/Users/dagniel/Library/R/3.5/library,0.5.0,NA,R (>= 3.2.0),"ggplot2 (>= 2.2.1), grDevices, grid, scales, extrafont, knitr,
rmarkdown, htmltools, tools, magrittr",NA,"testthat, dplyr, gridExtra, hunspell, stringi, gcookbook,
clipr, vdiffr, svglite",NA,MIT + file LICENSE,NA,NA,NA,NA,no,3.5.0
htmlTable,/Users/dagniel/Library/R/3.5/library,1.12,NA,NA,"stringr, knitr (>= 1.6), magrittr (>= 1.5), methods,
checkmate, htmlwidgets, htmltools, rstudioapi (>= 0.6)",NA,"testthat, XML, xtable, ztable, Hmisc, reshape, rmarkdown,
pander, chron, lubridate, tibble, tidyr (>= 0.7.2), dplyr (>=
0.7.4)",NA,GPL (>= 3),NA,NA,NA,NA,no,3.5.0
htmltools,/Users/dagniel/Library/R/3.5/library,0.3.6,NA,R (>= 2.14.1),"utils, digest, Rcpp",Rcpp,"markdown, testthat",knitr,GPL (>= 2),NA,NA,NA,NA,yes,3.5.0
htmlwidgets,/Users/dagniel/Library/R/3.5/library,1.2,NA,NA,"grDevices, htmltools (>= 0.3), jsonlite (>= 0.9.16), yaml",NA,knitr (>= 1.8),shiny (>= 1.0.5),MIT + file LICENSE,NA,NA,NA,NA,no,3.5.0
httpuv,/Users/dagniel/Library/R/3.5/library,1.4.4.1,NA,"R (>= 2.15.1), methods","Rcpp (>= 0.11.0), utils, promises, later (>= 0.7.3)","Rcpp, BH, later","testthat, callr",NA,GPL (>= 2) | file LICENSE,NA,NA,NA,NA,yes,3.5.0
httr,/Users/dagniel/Library/R/3.5/library,1.3.1,NA,R (>= 3.0.0),"jsonlite, mime, curl (>= 0.9.1), openssl (>= 0.8), R6",NA,"httpuv, jpeg, knitr, png, testthat (>= 0.8.0), readr, xml2,
rmarkdown, covr",NA,MIT + file LICENSE,NA,NA,NA,NA,no,3.5.0
icd,/Users/dagniel/Library/R/3.5/library,3.2.1,NA,"R (>= 3.4), icd.data","checkmate (>= 1.7.0), magrittr, methods, stats, Rcpp (>=
0.12.3), utils","Rcpp (>= 0.12.3), RcppEigen, testthat","knitr, roxygen2 (>= 5.0.0), rmarkdown, rticles, testthat (>=
0.11.1), tinytex, xml2",NA,GPL-3,NA,NA,NA,NA,yes,3.5.0
icd.data,/Users/dagniel/Library/R/3.5/library,1.0,NA,R (>= 3.0.0),utils,NA,"testthat, icd",NA,GPL-3,NA,NA,NA,NA,no,3.5.0
igraph,/Users/dagniel/Library/R/3.5/library,1.2.1,NA,methods,"graphics, grDevices, magrittr, Matrix, pkgconfig (>= 2.0.0),
stats, utils",NA,"ape, graph, igraphdata, rgl, scales, stats4, tcltk, testthat",NA,GPL (>= 2),NA,NA,NA,NA,yes,3.5.0
ini,/Users/dagniel/Library/R/3.5/library,0.3.1,NA,NA,NA,NA,testthat,NA,GPL-3,NA,NA,NA,NA,no,3.5.0
inline,/Users/dagniel/Library/R/3.5/library,0.3.15,NA,R (>= 2.4.0),methods,NA,Rcpp (>= 0.11.0),NA,LGPL,NA,NA,NA,NA,no,3.5.0
IRanges,/Users/dagniel/Library/R/3.5/library,2.14.10,NA,"R (>= 3.1.0), methods, utils, stats, BiocGenerics (>= 0.25.3),
S4Vectors (>= 0.18.2)",stats4,S4Vectors,"XVector, GenomicRanges, Rsamtools, GenomicAlignments,
GenomicFeatures, BSgenome.Celegans.UCSC.ce2, pasillaBamSubset,
RUnit, BiocStyle",NA,Artistic-2.0,NA,NA,NA,NA,yes,3.5.0
ISLR,/Users/dagniel/Library/R/3.5/library,1.2,NA,R (>= 2.10),NA,NA,MASS,NA,GPL-2,NA,NA,NA,NA,no,3.5.0
iterators,/Users/dagniel/Library/R/3.5/library,1.0.9,NA,"R (>= 2.5.0), utils",NA,NA,RUnit,NA,Apache License (== 2.0),NA,NA,NA,NA,no,3.5.0
janitor,/Users/dagniel/Library/R/3.5/library,1.0.0,NA,R (>= 3.1.2),"dplyr (>= 0.7.0), tidyr (>= 0.7.0), snakecase (>= 0.9.0),
magrittr, purrr, rlang",NA,"testthat, knitr, rmarkdown",NA,MIT + file LICENSE,NA,NA,NA,NA,no,3.5.0
jomo,/Users/dagniel/Library/R/3.5/library,2.6-2,NA,NA,"stats, lme4, survival",NA,"BaBooN, mitml",NA,GPL-2,NA,NA,NA,NA,yes,3.5.0
jsonlite,/Users/dagniel/Library/R/3.5/library,1.5,NA,methods,NA,NA,"httr, curl, plyr, testthat, knitr, rmarkdown, R.rsp, sp",NA,MIT + file LICENSE,NA,NA,NA,NA,yes,3.5.0
knitr,/Users/dagniel/Library/R/3.5/library,1.20,NA,R (>= 3.1.0),"evaluate (>= 0.10), highr, markdown, stringr (>= 0.6), yaml,
methods, tools",NA,"formatR, testit, digest, rgl (>= 0.95.1201), codetools,
rmarkdown, htmlwidgets (>= 0.7), webshot, tikzDevice (>= 0.10),
tinytex, xfun, reticulate (>= 1.4), JuliaCall (>= 0.11.1), png,
jpeg, xml2, httr, DBI (>= 0.4-1), showtext, tibble",NA,GPL,NA,NA,NA,NA,no,3.5.0
labeling,/Users/dagniel/Library/R/3.5/library,0.3,NA,NA,NA,NA,NA,NA,MIT + file LICENSE | Unlimited,NA,NA,NA,NA,no,3.5.0
lambda.r,/Users/dagniel/Library/R/3.5/library,1.2.3,NA,R (>= 3.0.0),formatR,NA,testit,NA,LGPL-3,NA,NA,NA,NA,no,3.5.0
later,/Users/dagniel/Library/R/3.5/library,0.7.3,NA,NA,"Rcpp (>= 0.12.9), rlang","Rcpp, BH","knitr, rmarkdown, testthat",NA,GPL (>= 2),NA,NA,NA,NA,yes,3.5.0
latticeExtra,/Users/dagniel/Library/R/3.5/library,0.6-28,NA,"R (>= 2.10.0), lattice, RColorBrewer","grid, stats, utils, grDevices",NA,"maps, mapproj, deldir, tripack, zoo, MASS, quantreg, mgcv",NA,GPL (>= 2),NA,NA,NA,NA,no,3.5.0
lavaan,/Users/dagniel/Library/R/3.5/library,0.6-3,NA,R(>= 3.4),"methods, stats4, stats, utils, graphics, MASS, mnormt,
pbivnorm, numDeriv",NA,testthat,NA,GPL (>= 2),NA,NA,NA,NA,no,3.5.0
lazyeval,/Users/dagniel/Library/R/3.5/library,0.2.1,NA,R (>= 3.1.0),NA,NA,"knitr, rmarkdown (>= 0.2.65), testthat, covr",NA,GPL-3,NA,NA,NA,NA,yes,3.5.0
limma,/Users/dagniel/Library/R/3.5/library,3.36.1,NA,R (>= 2.3.0),"grDevices, graphics, stats, utils, methods",NA,"affy, AnnotationDbi, BiasedUrn, Biobase, ellipse, GO.db,
gplots, illuminaio, locfit, MASS, org.Hs.eg.db, splines,
statmod (>= 1.2.2), vsn",NA,GPL (>=2),NA,NA,NA,NA,yes,3.5.0
listdtr,/Users/dagniel/Library/R/3.5/library,1.0,NA,"ggplot2, grid",NA,NA,NA,NA,GPL (>= 2),NA,NA,NA,NA,yes,3.5.0
lme4,/Users/dagniel/Library/R/3.5/library,1.1-19,NA,"R (>= 3.2.0), Matrix (>= 1.2-1), methods, stats","graphics, grid, splines, utils, parallel, MASS, lattice, nlme
(>= 3.1-123), minqa (>= 1.1.15), nloptr (>= 1.0.4)","Rcpp (>= 0.10.5), RcppEigen","knitr, boot, PKPDmodels, MEMSS, testthat (>= 0.8.1), ggplot2,
mlmRev, optimx (>= 2013.8.6), gamm4, pbkrtest, HSAUR2,
numDeriv, car, dfoptim",NA,GPL (>= 2),NA,NA,NA,NA,yes,3.5.0
locfit,/Users/dagniel/Library/R/3.5/library,1.5-9.1,NA,R (>= 2.0.1),lattice,NA,"akima, gam",NA,GPL (>= 2),NA,NA,NA,NA,yes,3.5.0
lsa,/Users/dagniel/Library/R/3.5/library,0.1.0,NA,NA,NA,NA,NA,NA,What license is it under?,NA,NA,NA,NA,NA,3.5.0
ltm,/Users/dagniel/Library/R/3.5/library,1.1-1,NA,"R (>= 3.0.0), MASS, msm, polycor",NA,NA,NA,NA,GPL (>= 2),NA,NA,NA,NA,no,3.5.0
lubridate,/Users/dagniel/Library/R/3.5/library,1.7.4,NA,"methods, R (>= 3.0.0)","stringr, Rcpp (>= 0.12.13),","Rcpp,","testthat, knitr, covr","chron, fts, timeSeries, timeDate, tis, tseries, xts, zoo",GPL (>= 2),NA,NA,NA,NA,yes,3.5.0
magic,/Users/dagniel/Library/R/3.5/library,1.5-9,NA,"R (>= 2.10), abind",NA,NA,NA,NA,GPL-2,NA,NA,NA,NA,no,3.5.0
magrittr,/Users/dagniel/Library/R/3.5/library,1.5,NA,NA,NA,NA,"testthat, knitr",NA,MIT + file LICENSE,NA,NA,NA,NA,no,3.5.0
maps,/Users/dagniel/Library/R/3.5/library,3.3.0,NA,R (>= 3.0.0),"graphics, utils",NA,"mapproj (>= 1.2-0), mapdata (>= 2.3.0), sp, maptools,
rnaturalearth",NA,GPL-2,NA,NA,NA,NA,yes,3.5.0
markdown,/Users/dagniel/Library/R/3.5/library,0.8,NA,R (>= 2.11.1),"utils, mime (>= 0.3)",NA,"knitr, RCurl",NA,GPL-2,NA,NA,NA,NA,yes,3.5.0
Matching,/Users/dagniel/Library/R/3.5/library,4.9-3,NA,"R (>= 2.6.0), MASS (>= 7.2-1), graphics, grDevices, stats",NA,NA,"parallel, rgenoud (>= 2.12), rbounds",NA,GPL-3,NA,NA,NA,NA,yes,3.5.0
MatchIt,/Users/dagniel/Library/R/3.5/library,3.0.2,NA,R (>= 2.6),"MASS, Matching",NA,"cem, nnet, optmatch, rpart, mgcv, WhatIf, R.rsp, testthat,
rgenoud",NA,GPL (>= 2),NA,NA,NA,NA,no,3.5.0
matrixcalc,/Users/dagniel/Library/R/3.5/library,1.0-3,NA,R (>= 2.0.1),NA,NA,NA,NA,GPL (>= 2),NA,NA,NA,NA,NA,3.5.0
MatrixModels,/Users/dagniel/Library/R/3.5/library,0.4-1,NA,R (>= 3.0.1),"stats, methods, Matrix (>= 1.1-5)",NA,NA,NA,GPL (>= 2),NA,NA,NA,NA,no,3.5.0
matrixStats,/Users/dagniel/Library/R/3.5/library,0.53.1,NA,R (>= 2.12.0),NA,NA,"base64enc, ggplot2, knitr, microbenchmark, R.devices, R.rsp",NA,Artistic-2.0,NA,NA,NA,NA,yes,3.5.0
mcmc,/Users/dagniel/Library/R/3.5/library,0.9-5,NA,R (>= 3.0.2),"stats, compiler",NA,"xtable, Iso",NA,MIT + file LICENSE,NA,NA,NA,NA,yes,3.5.0
MCMCpack,/Users/dagniel/Library/R/3.5/library,1.4-3,NA,"R (>= 2.10.0), coda (>= 0.11-3), MASS, stats","graphics, grDevices, lattice, methods, utils, mcmc, quantreg",NA,NA,NA,GPL-3,NA,NA,NA,NA,yes,3.5.0
memoise,/Users/dagniel/Library/R/3.5/library,1.1.0,NA,NA,digest (>= 0.6.3),NA,"testthat, aws.s3, httr, covr",NA,MIT + file LICENSE,NA,NA,NA,NA,no,3.5.0
mice,/Users/dagniel/Library/R/3.5/library,3.1.0,NA,"methods, R (>= 2.10.0), lattice","broom, dplyr, grDevices, graphics, MASS, mitml, nnet,
parallel, Rcpp, rlang, rpart, splines, stats, survival, utils",Rcpp,"AGD, CALIBERrfimpute, DPpackage, gamlss, lme4, mitools, nlme,
pan, randomForest, Zelig, BSDA, knitr, rmarkdown, testthat,
HSAUR3, micemd, miceadds, tidyr",NA,GPL-2 | GPL-3,NA,NA,NA,NA,yes,3.5.0
mime,/Users/dagniel/Library/R/3.5/library,0.5,NA,NA,tools,NA,NA,NA,GPL,NA,NA,NA,NA,yes,3.5.0
miniUI,/Users/dagniel/Library/R/3.5/library,0.1.1.1,NA,NA,"shiny (>= 0.13), htmltools (>= 0.3), utils",NA,NA,NA,GPL-3,NA,NA,NA,NA,no,3.5.0
minqa,/Users/dagniel/Library/R/3.5/library,1.2.4,NA,NA,Rcpp (>= 0.9.10),Rcpp,NA,NA,GPL-2,NA,NA,NA,NA,yes,3.5.0
mitml,/Users/dagniel/Library/R/3.5/library,0.3-5,NA,NA,"pan, jomo, haven, grDevices, graphics, stats, utils",NA,"mice, miceadds, Amelia, lme4, nlme, geepack, knitr, rmarkdown",NA,GPL (>= 2),NA,NA,NA,NA,no,3.5.0
mnormt,/Users/dagniel/Library/R/3.5/library,1.5-5,NA,R (>= 2.2.0),NA,NA,NA,NA,GPL-2 | GPL-3,NA,NA,NA,NA,yes,3.5.0
modelr,/Users/dagniel/Library/R/3.5/library,0.1.2,NA,R (>= 3.1),"broom, dplyr, magrittr, purrr (>= 0.2.2), tibble, tidyr (>=
0.8.0), rlang (>= 0.2.0)",NA,"compiler, covr, ggplot2, testthat",NA,GPL-3,NA,NA,NA,NA,no,3.5.0
msm,/Users/dagniel/Library/R/3.5/library,1.6.6,NA,NA,"survival,mvtnorm,expm",NA,"mstate,minqa,doParallel,foreach,numDeriv,testthat,flexsurv",NA,GPL (>= 2),NA,NA,NA,NA,yes,3.5.0
multcomp,/Users/dagniel/Library/R/3.5/library,1.4-8,NA,"stats, graphics, mvtnorm (>= 1.0-3), survival (>= 2.39-4),
TH.data (>= 1.0-2)","sandwich (>= 2.3-0), codetools",NA,"lme4 (>= 0.999375-16), nlme, robustbase, coin, MASS, car,
foreign, xtable, lmtest, coxme (>= 2.2-1), SimComp, ISwR",NA,GPL-2,NA,NA,NA,NA,no,3.5.0
munsell,/Users/dagniel/Library/R/3.5/library,0.5.0,NA,NA,"colorspace, methods",NA,"ggplot2, testthat",NA,MIT + file LICENSE,NA,NA,NA,NA,no,3.5.0
mvnfast,/Users/dagniel/Library/R/3.5/library,0.2.5,NA,NA,Rcpp (>= 0.12.0),"Rcpp, RcppArmadillo, BH","knitr, rmarkdown, testthat, mvtnorm, microbenchmark, MASS,
plyr, RhpcBLASctl",NA,GPL (>= 2.0),NA,NA,NA,NA,yes,3.5.0
mvtnorm,/Users/dagniel/Library/R/3.5/library,1.0-8,NA,R(>= 1.9.0),"stats, methods",NA,NA,NA,GPL-2,NA,NA,NA,NA,yes,3.5.0
nloptr,/Users/dagniel/Library/R/3.5/library,1.2.1,NA,NA,NA,NA,"testthat (>= 0.8.1), knitr, rmarkdown, inline (>= 0.3.14)",NA,LGPL-3,NA,NA,NA,NA,yes,3.5.0
numDeriv,/Users/dagniel/Library/R/3.5/library,2016.8-1,NA,R (>= 2.11.1),NA,NA,NA,NA,GPL-2,NA,NA,NA,NA,no,3.5.0
openssl,/Users/dagniel/Library/R/3.5/library,1.0.1,NA,NA,NA,NA,"testthat, digest, knitr, rmarkdown, jsonlite, jose",NA,MIT + file LICENSE,NA,NA,NA,NA,yes,3.5.0
orthogonalsplinebasis,/Users/dagniel/Library/R/3.5/library,0.1.6,NA,"methods, stats, graphics",NA,NA,NA,NA,GPL (>= 2),NA,NA,NA,NA,no,3.5.0
packrat,/Users/dagniel/Library/R/3.5/library,0.4.9-3,NA,R (>= 3.0.0),"tools, utils",NA,"testthat (>= 0.7), devtools, httr, knitr, rmarkdown",BiocInstaller,GPL-2,NA,NA,NA,NA,no,3.5.0
pan,/Users/dagniel/Library/R/3.5/library,1.6,NA,NA,NA,NA,"mitools, lme4",NA,GPL-3,NA,no,NA,NA,yes,3.5.0
pander,/Users/dagniel/Library/R/3.5/library,0.6.3,NA,R (>= 2.15.0),"grDevices, graphics, methods, utils, stats, digest, tools,
Rcpp",Rcpp,"grid, lattice, ggplot2 (>= 0.9.2), sylly, sylly.en,
futile.logger, survival, microbenchmark, zoo, nlme, descr,
MASS, knitr, rmarkdown, tables, reshape, memisc, Epi,
randomForest, tseries, gtable, rms, forecast, data.table",NA,AGPL-3 | file LICENSE,NA,NA,NA,NA,yes,3.5.0
patchwork,/Users/dagniel/Library/R/3.5/library,0.0.1,NA,NA,"ggplot2 (>= 3.0.0),
gtable,
grid,
stats,
grDevices,
utils",NA,NA,NA,MIT + file LICENSE,NA,NA,NA,NA,NA,3.5.0
pbivnorm,/Users/dagniel/Library/R/3.5/library,0.6.0,NA,NA,NA,NA,NA,NA,GPL (>= 2),NA,NA,NA,NA,yes,3.5.0
pbs,/Users/dagniel/Library/R/3.5/library,1.1,NA,NA,"graphics, stats, splines",NA,NA,NA,GPL-2,NA,NA,NA,NA,no,3.5.0
pillar,/Users/dagniel/Library/R/3.5/library,1.2.3,NA,NA,"cli (>= 1.0.0), crayon (>= 1.3.4), methods, rlang (>= 0.2.0),
utf8 (>= 1.1.3)",NA,"knitr (>= 1.19), lubridate, testthat (>= 2.0.0), withr",NA,GPL-3,NA,NA,NA,NA,no,3.5.0
pkgconfig,/Users/dagniel/Library/R/3.5/library,2.0.1,NA,NA,utils,NA,"covr, testthat, disposables (>= 1.0.3)",NA,MIT + file LICENSE,NA,NA,NA,NA,no,3.5.0
PKI,/Users/dagniel/Library/R/3.5/library,0.1-5.1,NA,"R (>= 2.9.0), base64enc",NA,NA,NA,gmp,GPL-2 | GPL-3 | file LICENSE,NA,NA,NA,NA,yes,3.5.0
plogr,/Users/dagniel/Library/R/3.5/library,0.2.0,NA,NA,NA,NA,Rcpp,NA,MIT + file LICENSE,NA,NA,NA,NA,no,3.5.0
plyr,/Users/dagniel/Library/R/3.5/library,1.8.4,NA,R (>= 3.1.0),Rcpp (>= 0.11.0),Rcpp,"abind, testthat, tcltk, foreach, doParallel, itertools,
iterators, covr",NA,MIT + file LICENSE,NA,NA,NA,NA,yes,3.5.0
polspline,/Users/dagniel/Library/R/3.5/library,1.1.13,NA,NA,"stats, graphics",NA,NA,NA,GPL (>= 2),NA,NA,NA,NA,yes,3.5.0
polycor,/Users/dagniel/Library/R/3.5/library,0.7-9,NA,R (>= 3.3.0),"stats, mvtnorm, Matrix",NA,NA,NA,GPL (>= 2),NA,NA,NA,NA,no,3.5.0
powerSurvEpi,/Users/dagniel/Library/R/3.5/library,0.1.0,NA,R (>= 3.1.0),"stats, survival",NA,NA,NA,GPL (>= 2),NA,NA,NA,NA,no,3.5.0
pracma,/Users/dagniel/Library/R/3.5/library,2.1.4,NA,R (>= 3.1.0),"graphics, grDevices, stats, utils",NA,quadprog,NA,GPL (>= 3),NA,NA,NA,NA,no,3.5.0
praise,/Users/dagniel/Library/R/3.5/library,1.0.0,NA,NA,NA,NA,testthat,NA,MIT + file LICENSE,NA,NA,NA,NA,no,3.5.0
prettyunits,/Users/dagniel/Library/R/3.5/library,1.0.2,NA,NA,"magrittr, assertthat, methods",NA,testthat,NA,MIT + file LICENSE,NA,NA,NA,NA,no,3.5.0
processx,/Users/dagniel/Library/R/3.5/library,3.1.0,NA,NA,"assertthat, crayon, R6, utils",testthat,"covr, debugme, parallel, testthat, withr",NA,MIT + file LICENSE,NA,NA,NA,NA,yes,3.5.0
progress,/Users/dagniel/Library/R/3.5/library,1.2.0,NA,NA,"hms, prettyunits, R6, crayon",NA,"Rcpp, testthat, withr",NA,MIT + file LICENSE,NA,NA,NA,NA,no,3.5.0
ProjectTemplate,/Users/dagniel/Library/R/3.5/library,0.8.2,NA,R (>= 2.7),NA,NA,"foreign, reshape, plyr, digest, formatR, stringr, ggplot2,
lubridate, log4r (>= 0.1-5), DBI, RMySQL, RSQLite, gdata,
RODBC, RJDBC, readxl, xlsx, tuneR, pixmap, data.table,
RPostgreSQL, GetoptLong, whisker, tibble, testthat (>= 0.8)",NA,Artistic-2.0,NA,NA,NA,NA,no,3.5.0
promises,/Users/dagniel/Library/R/3.5/library,1.0.1,NA,NA,"R6, Rcpp, later, rlang, stats, magrittr","later, Rcpp","testthat, future, knitr, rmarkdown",NA,MIT + file LICENSE,NA,NA,NA,NA,yes,3.5.0
proxy,/Users/dagniel/Library/R/3.5/library,0.4-22,NA,R (>= 3.4.0),"stats, utils",NA,cba,NA,GPL-2,NA,NA,NA,NA,yes,3.5.0
pryr,/Users/dagniel/Library/R/3.5/library,0.1.4,NA,R (>= 3.1.0),"stringr, codetools, methods, Rcpp (>= 0.11.0)",Rcpp,testthat (>= 0.8.0),NA,GPL-2,NA,NA,NA,NA,yes,3.5.0
psych,/Users/dagniel/Library/R/3.5/library,1.8.4,NA,R (>= 2.10),"mnormt,parallel,stats,graphics,grDevices,methods,foreign,lattice,nlme",NA,"GPArotation, lavaan, sem, lme4,Rcsdp, graph, Rgraphviz",NA,GPL (>= 2),NA,NA,NA,NA,no,3.5.0
purrr,/Users/dagniel/Library/R/3.5/library,0.2.5,NA,R (>= 3.1),"magrittr (>= 1.5), rlang (>= 0.1), tibble",NA,"covr, dplyr (>= 0.7.5), knitr, rmarkdown, testthat",NA,GPL-3 | file LICENSE,NA,NA,NA,NA,yes,3.5.0
pwr,/Users/dagniel/Library/R/3.5/library,1.2-2,NA,NA,"stats, graphics",NA,"ggplot2, scales, knitr, rmarkdown",NA,GPL (>= 3),NA,NA,NA,NA,no,3.5.0
quadprog,/Users/dagniel/Library/R/3.5/library,1.5-5,NA,R (>= 2.15.0),NA,NA,NA,NA,GPL (>= 2),NA,NA,NA,NA,yes,3.5.0
quantreg,/Users/dagniel/Library/R/3.5/library,5.36,NA,"R (>= 2.6), stats, SparseM","methods, graphics, Matrix, MatrixModels",NA,"tripack, akima, MASS, survival, rgl, logspline, nor1mix,
Formula, zoo",NA,GPL (>= 2),NA,NA,NA,NA,yes,3.5.0
R6,/Users/dagniel/Library/R/3.5/library,2.3.0,NA,R (>= 3.0),NA,NA,"knitr, microbenchmark, pryr, testthat, ggplot2, scales",NA,MIT + file LICENSE,NA,NA,NA,NA,no,3.5.0
randomForest,/Users/dagniel/Library/R/3.5/library,4.6-14,NA,"R (>= 3.2.2), stats",NA,NA,"RColorBrewer, MASS",NA,GPL (>= 2),NA,NA,NA,NA,yes,3.5.0
rapportools,/Users/dagniel/Library/R/3.5/library,1.0,NA,reshape,"plyr, pander",NA,NA,NA,AGPL-3,NA,NA,NA,NA,no,3.5.0
RColorBrewer,/Users/dagniel/Library/R/3.5/library,1.1-2,NA,R (>= 2.0.0),NA,NA,NA,NA,Apache License 2.0,NA,NA,NA,NA,no,3.5.0
Rcpp,/Users/dagniel/Library/R/3.5/library,1.0.0,NA,R (>= 3.0.0),"methods, utils",NA,"RUnit, inline, rbenchmark, knitr, rmarkdown, pinp, pkgKitten
(>= 0.1.2)",NA,GPL (>= 2),NA,NA,NA,NA,yes,3.5.0
RcppArmadillo,/Users/dagniel/Library/R/3.5/library,0.8.400.0.0,NA,NA,"Rcpp (>= 0.11.0), stats, utils, methods",Rcpp,"RUnit, Matrix, pkgKitten, reticulate, rmarkdown, knitr, pinp",NA,GPL (>= 2),NA,NA,NA,NA,yes,3.5.0
RcppEigen,/Users/dagniel/Library/R/3.5/library,0.3.3.4.0,NA,R (>= 2.15.1),"Matrix (>= 1.1-0), Rcpp (>= 0.11.0), stats, utils",Rcpp,"inline, RUnit, pkgKitten",NA,GPL (>= 2) | file LICENSE,NA,NA,NA,NA,yes,3.5.0
RCurl,/Users/dagniel/Library/R/3.5/library,1.95-4.10,NA,"R (>= 3.0.0), methods, bitops",NA,NA,"Rcompression, XML",NA,BSD,NA,NA,NA,NA,yes,3.5.0
readr,/Users/dagniel/Library/R/3.5/library,1.1.1,NA,R (>= 3.0.2),"Rcpp (>= 0.12.0.5), tibble, hms, R6","Rcpp, BH","curl, testthat, knitr, rmarkdown, stringi, covr",NA,GPL (>= 2) | file LICENSE,NA,NA,NA,NA,yes,3.5.0
readxl,/Users/dagniel/Library/R/3.5/library,1.1.0,NA,NA,"cellranger, Rcpp (>= 0.12.12), tibble (>= 1.1)",Rcpp,"covr, knitr, rmarkdown, rprojroot (>= 1.1), testthat",NA,GPL-3,NA,NA,NA,NA,yes,3.5.0
refund,/Users/dagniel/Library/R/3.5/library,0.1-20,NA,R (>= 2.14.0),"fda,
Matrix,
lattice,
boot,
mgcv (>= 1.8-23),
MASS,
magic,
nlme,
gamm4,
lme4,
RLRsim,
splines,
grpreg,
ggplot2,
stats,
pbs,
methods",NA,"RColorBrewer,
reshape2,
testthat",NA,GPL (>= 2),NA,NA,NA,NA,NA,3.5.0
rematch,/Users/dagniel/Library/R/3.5/library,1.0.1,NA,NA,NA,NA,"covr, testthat",NA,MIT + file LICENSE,NA,NA,NA,NA,no,3.5.0
reprex,/Users/dagniel/Library/R/3.5/library,0.1.2,NA,R (>= 3.0.2),"callr, knitr, rmarkdown, tools, utils, whisker",NA,"covr, devtools, formatR, fortunes, miniUI, rstudioapi, shiny,
shinyjs, testthat",NA,MIT + file LICENSE,NA,NA,NA,NA,no,3.5.0
reshape,/Users/dagniel/Library/R/3.5/library,0.8.7,NA,R (>= 2.6.1),plyr,NA,NA,NA,MIT + file LICENSE,NA,NA,NA,NA,yes,3.5.0
reshape2,/Users/dagniel/Library/R/3.5/library,1.4.3,NA,R (>= 3.1),"plyr (>= 1.8.1), Rcpp, stringr",Rcpp,"covr, lattice, testthat (>= 0.8.0)",NA,MIT + file LICENSE,NA,NA,NA,NA,yes,3.5.0
RJSONIO,/Users/dagniel/Library/R/3.5/library,1.3-0,NA,NA,methods,NA,NA,NA,BSD_3_clause + file LICENSE,NA,NA,NA,NA,yes,3.5.0
rlang,/Users/dagniel/Library/R/3.5/library,0.3.0.1,NA,R (>= 3.1.0),NA,NA,"crayon, magrittr, methods, pillar, testthat (>= 2.0.0), covr",NA,GPL-3,NA,NA,NA,NA,yes,3.5.0
RLRsim,/Users/dagniel/Library/R/3.5/library,3.1-3,NA,R (>= 2.14.0),"Rcpp (>= 0.11.1), lme4 (>= 1.1), mgcv, nlme",Rcpp,NA,"SemiPar, lmerTest",GPL,NA,NA,NA,NA,yes,3.5.0
rmarkdown,/Users/dagniel/Library/R/3.5/library,1.10,NA,R (>= 3.0),"tools, utils, knitr (>= 1.18), yaml (>= 2.1.5), htmltools (>=
0.3.5), evaluate (>= 0.8), base64enc, jsonlite, rprojroot,
mime, tinytex (>= 0.3), methods, stringr (>= 1.2.0)",NA,"shiny (>= 0.11), tufte, testthat, digest, dygraphs, tibble",NA,GPL-3,NA,NA,NA,NA,no,3.5.0
rms,/Users/dagniel/Library/R/3.5/library,5.1-2,NA,"Hmisc (>= 4.1-0), survival (>= 2.40-1), lattice, ggplot2 (>=
2.2), SparseM","methods, quantreg, rpart, nlme (>= 3.1-123), polspline,
multcomp, htmlTable (>= 1.11.0), htmltools",NA,"boot, tcltk, plotly (>= 4.5.6)",NA,GPL (>= 2),NA,NA,NA,NA,yes,3.5.0
roxygen2,/Users/dagniel/Library/R/3.5/library,6.0.1,NA,R (>= 3.0.2),"stringr (>= 0.5), stringi, brew, digest, methods, Rcpp (>=
0.11.0), R6, desc, commonmark, xml2, utils",Rcpp,"testthat (>= 0.8.0), knitr, devtools, rmarkdown, covr",NA,GPL (>= 2),NA,NA,NA,NA,yes,3.5.0
rprojroot,/Users/dagniel/Library/R/3.5/library,1.3-2,NA,R (>= 3.0.0),backports,NA,"testthat, mockr, knitr, withr, rmarkdown",NA,GPL-3,NA,NA,NA,NA,no,3.5.0
rsconnect,/Users/dagniel/Library/R/3.5/library,0.8.4,NA,R (>= 3.0.0),"digest,
PKI,
RCurl,
RJSONIO,
packrat (>= 0.4.8-1),
yaml (>= 2.1.5),
rstudioapi (>= 0.5)",NA,"scrypt,
knitr,
testthat,
rmarkdown (>= 1.1),
plumber (>= 0.3.2)",BiocInstaller,GPL-2,NA,NA,NA,NA,NA,3.5.0
RSQLite,/Users/dagniel/Library/R/3.5/library,2.1.1,NA,R (>= 3.1.0),"bit64, blob (>= 1.1.1), DBI (>= 1.0.0), memoise, methods,
pkgconfig, Rcpp (>= 0.12.7)","BH, plogr (>= 0.2.0), Rcpp","DBItest, knitr, rmarkdown, testthat",NA,LGPL (>= 2),NA,NA,NA,NA,yes,3.5.0
rstan,/Users/dagniel/Library/R/3.5/library,2.17.3,NA,"R (>= 3.0.2), ggplot2 (>= 2.0.0), StanHeaders (>= 2.17.2)","methods, stats4, inline, gridExtra (>= 2.0.0), Rcpp (>=
0.12.0)","Rcpp (>= 0.12.0), RcppEigen (>= 0.3.3.3.0), BH (>= 1.65),
StanHeaders (>= 2.17.2)","RUnit, RcppEigen (>= 0.3.3.3.0), BH (>= 1.65), parallel,
KernSmooth, loo (>= 1.0.0), shinystan (>= 2.2.1), bayesplot,
rstantools, rstudioapi, Matrix, knitr (>= 1.15.1)",NA,GPL (>= 3),NA,NA,NA,NA,yes,3.5.0
rstudioapi,/Users/dagniel/Library/R/3.5/library,0.7,NA,NA,NA,NA,"testthat, knitr, rmarkdown",NA,MIT + file LICENSE,NA,NA,NA,NA,no,3.5.0
Rsurrogate,/Users/dagniel/Library/R/3.5/library,2.0,NA,NA,"stats, survival",NA,NA,NA,GPL,NA,NA,NA,NA,no,3.5.0
Rttf2pt1,/Users/dagniel/Library/R/3.5/library,1.3.7,NA,R (>= 2.15),NA,NA,NA,NA,file LICENSE,yes,NA,NA,NA,yes,3.5.0
rvest,/Users/dagniel/Library/R/3.5/library,0.3.2,NA,"R (>= 3.0.1), xml2","httr (>= 0.5), selectr, magrittr",NA,"testthat, knitr, png, stringi (>= 0.3.1), rmarkdown, covr",NA,GPL-3,NA,NA,NA,NA,no,3.5.0
S4Vectors,/Users/dagniel/Library/R/3.5/library,0.18.3,NA,"R (>= 3.3.0), methods, utils, stats, stats4, BiocGenerics (>=
0.23.3)",NA,NA,"IRanges, GenomicRanges, SummarizedExperiment, Matrix,
DelayedArray, ShortRead, graph, data.table, RUnit, BiocStyle",NA,Artistic-2.0,NA,NA,NA,NA,yes,3.5.0
sandwich,/Users/dagniel/Library/R/3.5/library,2.4-0,NA,R (>= 2.10.0),"stats, utils, zoo",NA,"AER, car, geepack, lattice, lmtest, MASS, multiwayvcov, pcse,
plm, pscl, scatterplot3d, stats4, strucchange, survival",NA,GPL-2 | GPL-3,NA,NA,NA,NA,no,3.5.0
scales,/Users/dagniel/Library/R/3.5/library,1.0.0,NA,R (>= 3.1),"labeling, munsell (>= 0.5), R6, RColorBrewer, Rcpp,
viridisLite",Rcpp,"dichromat, bit64, covr, hms, testthat (>= 2.0)",NA,MIT + file LICENSE,NA,NA,NA,NA,yes,3.5.0
selectr,/Users/dagniel/Library/R/3.5/library,0.4-1,NA,R (>= 3.0),"methods, stringr, R6",NA,"testthat, XML, xml2",NA,BSD_3_clause + file LICENCE,NA,NA,NA,NA,no,3.5.0
servr,/Users/dagniel/Library/R/3.5/library,0.10,NA,R (>= 3.0.0),"mime (>= 0.2), httpuv (>= 1.4.0), xfun, jsonlite",NA,"tools, later, rstudioapi, knitr (>= 1.9), rmarkdown",NA,GPL,NA,NA,NA,NA,no,3.5.0
shiny,/Users/dagniel/Library/R/3.5/library,1.1.0,NA,"R (>= 3.0.2), methods","utils, grDevices, httpuv (>= 1.4.3), mime (>= 0.3), jsonlite
(>= 0.9.16), xtable, digest, htmltools (>= 0.3.5), R6 (>= 2.0),
sourcetools, later (>= 0.7.2), promises (>= 1.0.1), tools,
crayon, rlang",NA,"datasets, Cairo (>= 1.5-5), testthat, knitr (>= 1.6),
markdown, rmarkdown, ggplot2, magrittr",NA,GPL-3 | file LICENSE,NA,NA,NA,NA,no,3.5.0
shinyjs,/Users/dagniel/Library/R/3.5/library,1.0,NA,R (>= 3.1.0),"digest (>= 0.6.8), htmltools (>= 0.2.9), jsonlite, shiny (>=
1.0.0)",NA,"knitr (>= 1.7), rmarkdown, shinyAce, testthat (>= 0.9.1), V8
(>= 0.6)",NA,AGPL-3,NA,NA,NA,NA,no,3.5.0
shinystan,/Users/dagniel/Library/R/3.5/library,2.5.0,NA,"R (>= 3.1.0), shiny (>= 1.0.3)","bayesplot (>= 1.5.0), colourpicker, DT (>= 0.2), dygraphs (>=
1.1.1.2), ggplot2 (>= 2.1.1), gridExtra, gtools, markdown (>=
0.7.4), methods, reshape2, rsconnect (>= 0.4.2), rstan (>=
2.17.1), stats, shinyjs (>= 0.6.0), shinythemes (>= 1.0.1),
threejs (>= 0.2.1), utils, xtable, xts (>= 0.9-7)",NA,"coda, knitr (>= 1.9), rmarkdown (>= 0.8.1), rstanarm (>=
2.17.4), testthat",NA,GPL (>= 3),NA,NA,NA,NA,no,3.5.0
shinythemes,/Users/dagniel/Library/R/3.5/library,1.1.1,NA,R (>= 3.0.0),shiny (>= 0.11),NA,NA,NA,GPL-3 | file LICENSE,NA,NA,NA,NA,no,3.5.0
snakecase,/Users/dagniel/Library/R/3.5/library,0.9.1,NA,R (>= 3.1),"stringr, stringi",NA,"testthat, covr, tibble, purrrlyr, knitr, rmarkdown",NA,GPL-3,NA,NA,NA,NA,no,3.5.0
snow,/Users/dagniel/Library/R/3.5/library,0.4-2,NA,"R (>= 2.13.1), utils",NA,NA,"Rmpi,rlecuyer,nws",NA,GPL,NA,NA,NA,NA,no,3.5.0
sourcetools,/Users/dagniel/Library/R/3.5/library,0.1.7,NA,R (>= 3.0.2),NA,NA,testthat,NA,MIT + file LICENSE,NA,NA,NA,NA,yes,3.5.0
sp,/Users/dagniel/Library/R/3.5/library,1.3-1,NA,"R (>= 3.0.0), methods","utils, stats, graphics, grDevices, lattice, grid",NA,"RColorBrewer, rgdal (>= 0.8-7), rgeos (>= 0.3-13), gstat,
maptools, deldir",NA,GPL (>= 2),NA,NA,NA,NA,yes,3.5.0
spam,/Users/dagniel/Library/R/3.5/library,2.1-4,NA,"R (>= 3.1), dotCall64, grid, methods",NA,NA,"spam64, fields, SparseM, Matrix, testthat, R.rsp, truncdist",NA,LGPL-2,NA,NA,NA,NA,yes,3.5.0
sparsefreg,/Users/dagniel/Library/R/3.5/library,0.0.0.9000,NA,R (>= 3.4.3),"CompQuadForm,
dplyr,
face,
fcr,
MASS",NA,"knitr, rmarkdown",NA,What license is it under?,NA,NA,NA,NA,NA,3.5.0
SparseM,/Users/dagniel/Library/R/3.5/library,1.77,NA,"R (>= 2.15), methods","graphics, stats, utils",NA,NA,NA,GPL (>= 2),NA,NA,NA,NA,yes,3.5.0
StanHeaders,/Users/dagniel/Library/R/3.5/library,2.17.2,NA,NA,NA,NA,"RcppEigen, BH",NA,BSD_3_clause + file LICENSE,NA,NA,NA,NA,yes,3.5.0
statmod,/Users/dagniel/Library/R/3.5/library,1.4.30,NA,R (>= 1.6.1),"stats, graphics",NA,"MASS, tweedie",NA,GPL-2 | GPL-3,NA,NA,NA,NA,yes,3.5.0
stringdist,/Users/dagniel/Library/R/3.5/library,0.9.5.1,NA,R (>= 2.15.3),parallel,NA,testthat,NA,GPL-3,NA,NA,NA,NA,yes,3.5.0
stringi,/Users/dagniel/Library/R/3.5/library,1.2.3,NA,R (>= 2.14),"tools, utils, stats",NA,NA,NA,file LICENSE,yes,NA,NA,NA,yes,3.5.0
stringr,/Users/dagniel/Library/R/3.5/library,1.3.1,NA,R (>= 3.1),"glue (>= 1.2.0), magrittr, stringi (>= 1.1.7)",NA,"covr, htmltools, htmlwidgets, knitr, rmarkdown, testthat",NA,GPL-2 | file LICENSE,NA,NA,NA,NA,no,3.5.0
SummarizedExperiment,/Users/dagniel/Library/R/3.5/library,1.10.1,NA,"R (>= 3.2), methods, GenomicRanges (>= 1.31.17), Biobase,
DelayedArray (>= 0.3.20)","utils, stats, tools, Matrix, BiocGenerics (>= 0.15.3),
S4Vectors (>= 0.17.25), IRanges (>= 2.13.16), GenomeInfoDb (>=
1.13.1)",NA,"annotate, AnnotationDbi, hgu95av2.db, GenomicFeatures,
TxDb.Hsapiens.UCSC.hg19.knownGene, BiocStyle, knitr, rmarkdown,
digest, jsonlite, rhdf5, HDF5Array (>= 1.7.5), airway, RUnit",NA,Artistic-2.0,NA,NA,NA,NA,no,3.5.0
summarytools,/Users/dagniel/Library/R/3.5/library,0.8.8,NA,NA,"grDevices, htmltools, lubridate, matrixStats, methods, pander,
pryr, rapportools, RCurl, utils",NA,"rstudioapi, knitr, rmarkdown",NA,GPL-2,NA,NA,NA,NA,no,3.5.0
survey,/Users/dagniel/Library/R/3.5/library,3.33-2,NA,"R (>= 2.16.0), grid, methods, Matrix, survival","stats, graphics, splines, lattice",NA,"foreign, MASS, KernSmooth, hexbin, mitools, RSQLite, RODBC,
quantreg, parallel, CompQuadForm, DBI",NA,GPL-2 | GPL-3,NA,NA,NA,NA,no,3.5.0
tcgsaseq,/Users/dagniel/Library/R/3.5/library,1.8.1,NA,R (>= 3.0.2),"CompQuadForm,
ggplot2,
graphics,
GSA,
KernSmooth,
stats,
statmod,
utils",NA,"limma,
edgeR,
DESeq2,
S4Vectors,
knitr,
rmarkdown,
testthat,
covr",NA,GPL-2 | file LICENSE,NA,NA,NA,NA,NA,3.5.0
testthat,/Users/dagniel/Library/R/3.5/library,2.0.0,NA,R (>= 3.1),"cli, crayon, digest, magrittr, methods, praise, R6 (>= 2.2.0),
rlang, withr (>= 2.0.0)",NA,"covr, devtools, knitr, rmarkdown, xml2",NA,MIT + file LICENSE,NA,NA,NA,NA,yes,3.5.0
TH.data,/Users/dagniel/Library/R/3.5/library,1.0-9,NA,"R (>= 2.10.0), survival, MASS",NA,NA,"dplyr, gdata, plyr",NA,GPL-3,NA,NA,NA,NA,no,3.5.0
threejs,/Users/dagniel/Library/R/3.5/library,0.3.1,NA,"R (>= 3.0.0), igraph (>= 1.0.0)","htmlwidgets (>= 0.3.2), base64enc, crosstalk, methods, stats",NA,maps,"knitr, shiny",MIT + file LICENSE,NA,NA,NA,NA,no,3.5.0
tibble,/Users/dagniel/Library/R/3.5/library,1.4.2,NA,R (>= 3.1.0),"cli, crayon, methods, pillar (>= 1.1.0), rlang, utils",NA,"covr, dplyr, import, knitr (>= 1.5.32), microbenchmark,
mockr, nycflights13, rmarkdown, testthat, withr",NA,MIT + file LICENSE,NA,NA,NA,NA,yes,3.5.0
tidygraph,/Users/dagniel/Library/R/3.5/library,1.1.0,NA,NA,"tibble, dplyr (>= 0.7), igraph, magrittr, utils, rlang, R6,
Rcpp, tools, stats, tidyr",Rcpp,"network, data.tree, ape, graph, methods, testthat, covr,
seriation, netrankr, influenceR, NetSwan",NA,MIT + file LICENSE,NA,NA,NA,NA,yes,3.5.0
tidyr,/Users/dagniel/Library/R/3.5/library,0.8.1,NA,R (>= 3.1),"dplyr (>= 0.7.0), glue, magrittr, purrr, Rcpp, rlang, stringi,
tibble, tidyselect",Rcpp,"covr, gapminder, knitr, rmarkdown, testthat",NA,MIT + file LICENSE,NA,NA,NA,NA,yes,3.5.0
tidyselect,/Users/dagniel/Library/R/3.5/library,0.2.4,NA,R (>= 3.1),"glue, purrr, rlang (>= 0.2.0), Rcpp (>= 0.12.0)","Rcpp (>= 0.12.0),","covr, dplyr, testthat",NA,GPL-3,NA,NA,NA,NA,yes,3.5.0
tidyverse,/Users/dagniel/Library/R/3.5/library,1.2.1,NA,NA,"broom (>= 0.4.2), cli (>= 1.0.0), crayon (>= 1.3.4), dplyr (>=
0.7.4), dbplyr (>= 1.1.0), forcats (>= 0.2.0), ggplot2 (>=
2.2.1), haven (>= 1.1.0), hms (>= 0.3), httr (>= 1.3.1),
jsonlite (>= 1.5), lubridate (>= 1.7.1), magrittr (>= 1.5),
modelr (>= 0.1.1), purrr (>= 0.2.4), readr (>= 1.1.1), readxl
(>= 1.0.0), reprex (>= 0.1.1), rlang (>= 0.1.4), rstudioapi (>=
0.7), rvest (>= 0.3.2), stringr (>= 1.2.0), tibble (>= 1.3.4),
tidyr (>= 0.7.2), xml2 (>= 1.1.1)",NA,"feather (>= 0.3.1), knitr (>= 1.17), rmarkdown (>= 1.7.4)",NA,GPL-3 | file LICENSE,NA,NA,NA,NA,no,3.5.0
tinytex,/Users/dagniel/Library/R/3.5/library,0.5,NA,NA,NA,NA,testit,NA,MIT + file LICENSE,NA,NA,NA,NA,no,3.5.0
twang,/Users/dagniel/Library/R/3.5/library,1.5,NA,"R (>= 2.10), gbm (>= 1.5-3), survey, xtable, lattice,
latticeExtra",NA,NA,NA,NA,GPL (>= 2),NA,NA,NA,NA,yes,3.5.0
tweenr,/Users/dagniel/Library/R/3.5/library,0.1.5,NA,R (>= 3.2.0),"Rcpp (>= 0.12.3), grDevices",Rcpp,NA,NA,GPL (>= 2),NA,NA,NA,NA,yes,3.5.0
units,/Users/dagniel/Library/R/3.5/library,0.6-0,NA,R (>= 3.0.0),Rcpp,Rcpp,"udunits2, NISTunits, measurements, xml2, tibble, pillar,
knitr, testthat, ggforce, rmarkdown, magrittr",NA,GPL-2,NA,NA,NA,NA,yes,3.5.0
useful,/Users/dagniel/Library/R/3.5/library,1.2.6,NA,ggplot2,"plyr, dplyr (>= 0.5.0), magrittr, purrr (>= 0.1.0), stats,
scales, utils, Matrix, assertthat",NA,"testthat, tibble, covr",NA,BSD_3_clause + file LICENSE,NA,NA,NA,NA,no,3.5.0
usethis,/Users/dagniel/Library/R/3.5/library,1.4.0,NA,R (>= 3.1),"clipr (>= 0.3.0), clisymbols, crayon, curl (>= 2.7), desc, fs
(>= 1.2.0), gh, git2r (>= 0.23), glue, rlang, rprojroot (>=
1.2), rstudioapi, utils, whisker",NA,"covr, knitr, magick, rmarkdown, roxygen2, spelling (>= 1.2),
styler (>= 1.0.2), testthat (>= 2.0.0), withr",NA,GPL-3,NA,NA,NA,NA,no,3.5.0
utf8,/Users/dagniel/Library/R/3.5/library,1.1.4,NA,R (>= 2.10),NA,NA,"knitr, rmarkdown, testthat",NA,Apache License (== 2.0) | file LICENSE,NA,NA,NA,NA,yes,3.5.0
viridis,/Users/dagniel/Library/R/3.5/library,0.5.1,NA,"R (>= 2.10), viridisLite (>= 0.3.0)","stats, ggplot2 (>= 1.0.1), gridExtra",NA,"hexbin (>= 1.27.0), scales, MASS, knitr, dichromat,
colorspace, rasterVis, httr, mapproj, vdiffr, svglite (>=
1.2.0), testthat, covr, rmarkdown, rgdal",NA,MIT + file LICENSE,NA,NA,NA,NA,no,3.5.0
viridisLite,/Users/dagniel/Library/R/3.5/library,0.3.0,NA,R (>= 2.10),NA,NA,"hexbin (>= 1.27.0), ggplot2 (>= 1.0.1), testthat, covr",NA,MIT + file LICENSE,NA,NA,NA,NA,no,3.5.0
weights,/Users/dagniel/Library/R/3.5/library,1.0,NA,"Hmisc, gdata, mice",NA,NA,NA,NA,GPL (>= 2),NA,NA,NA,NA,yes,3.5.0
wesanderson,/Users/dagniel/Library/R/3.5/library,0.3.6,NA,R (>= 3.0),NA,NA,ggplot2,NA,MIT + file LICENSE,NA,NA,NA,NA,no,3.5.0
whisker,/Users/dagniel/Library/R/3.5/library,0.3-2,NA,NA,NA,NA,markdown,NA,GPL-3,NA,NA,NA,NA,no,3.5.0
withr,/Users/dagniel/Library/R/3.5/library,2.1.2,NA,R (>= 3.0.2),"stats, graphics, grDevices",NA,"testthat, covr, lattice, DBI, RSQLite, methods, knitr,
rmarkdown",NA,GPL (>= 2),NA,NA,NA,NA,no,3.5.0
xaringan,/Users/dagniel/Library/R/3.5/library,0.7,NA,NA,"htmltools, knitr (>= 1.16), servr (>= 0.5), xfun (>= 0.2),
rmarkdown",NA,"rstudioapi, testit",NA,MIT + file LICENSE,NA,NA,NA,NA,no,3.5.0
xfun,/Users/dagniel/Library/R/3.5/library,0.3,NA,NA,tools,NA,"testit, parallel, rstudioapi, tinytex, mime, markdown, knitr,
rmarkdown",NA,MIT + file LICENSE,NA,NA,NA,NA,no,3.5.0
XML,/Users/dagniel/Library/R/3.5/library,3.98-1.11,NA,"R (>= 2.13.0), methods, utils",NA,NA,"bitops, RCurl",NA,BSD_2_clause + file LICENSE,NA,NA,NA,NA,yes,3.5.0
xml2,/Users/dagniel/Library/R/3.5/library,1.2.0,NA,R (>= 3.1.0),Rcpp,Rcpp (>= 0.12.12),"testthat, curl, covr, knitr, rmarkdown, magrittr, httr",NA,GPL (>= 2),NA,NA,NA,NA,yes,3.5.0
xtable,/Users/dagniel/Library/R/3.5/library,1.8-2,NA,R (>= 2.10.0),"stats, utils",NA,"knitr, lsmeans, spdep, splm, sphet, plm, zoo, survival",NA,GPL (>= 2),NA,NA,NA,NA,no,3.5.0
xts,/Users/dagniel/Library/R/3.5/library,0.11-0,NA,zoo (>= 1.7-12),methods,zoo,"timeSeries, timeDate, tseries, chron, fts, tis, RUnit",NA,GPL (>= 2),NA,NA,NA,NA,yes,3.5.0
XVector,/Users/dagniel/Library/R/3.5/library,0.20.0,NA,"R (>= 2.8.0), methods, BiocGenerics (>= 0.19.2), S4Vectors (>=
0.17.24), IRanges (>= 2.13.16)","methods, utils, zlibbioc, BiocGenerics, S4Vectors, IRanges","S4Vectors, IRanges","Biostrings, drosophila2probe, RUnit",NA,Artistic-2.0,NA,NA,NA,NA,yes,3.5.0
yaml,/Users/dagniel/Library/R/3.5/library,2.1.19,NA,NA,NA,NA,testthat,NA,BSD_3_clause + file LICENSE,NA,NA,NA,NA,yes,3.5.0
zeallot,/Users/dagniel/Library/R/3.5/library,0.1.0,NA,NA,NA,NA,"testthat, knitr, rmarkdown, purrr, magrittr",NA,MIT + file LICENSE,NA,NA,NA,NA,no,3.5.0
zlibbioc,/Users/dagniel/Library/R/3.5/library,1.26.0,NA,NA,NA,NA,NA,NA,Artistic-2.0 + file LICENSE,NA,NA,NA,NA,yes,3.5.0
zoo,/Users/dagniel/Library/R/3.5/library,1.8-2,NA,"R (>= 3.1.0), stats","utils, graphics, grDevices, lattice (>= 0.20-27)",NA,"coda, chron, DAAG, fts, ggplot2, mondate, scales,
strucchange, timeDate, timeSeries, tis, tseries, xts",NA,GPL-2 | GPL-3,NA,NA,NA,NA,yes,3.5.0
base,/Library/Frameworks/R.framework/Versions/3.5/Resources/library,3.5.0,base,NA,NA,NA,methods,NA,Part of R 3.5.0,NA,NA,NA,NA,NA,3.5.0
boot,/Library/Frameworks/R.framework/Versions/3.5/Resources/library,1.3-20,recommended,"R (>= 3.0.0), graphics, stats",NA,NA,"MASS, survival",NA,Unlimited,NA,NA,NA,NA,no,3.5.0
class,/Library/Frameworks/R.framework/Versions/3.5/Resources/library,7.3-14,recommended,"R (>= 3.0.0), stats, utils",MASS,NA,NA,NA,GPL-2 | GPL-3,NA,NA,NA,NA,yes,3.5.0
cluster,/Library/Frameworks/R.framework/Versions/3.5/Resources/library,2.0.7-1,recommended,R (>= 3.2.0),"graphics, grDevices, stats, utils",NA,"MASS, Matrix",NA,GPL (>= 2),NA,NA,NA,NA,yes,3.5.0
codetools,/Library/Frameworks/R.framework/Versions/3.5/Resources/library,0.2-15,recommended,R (>= 2.1),NA,NA,NA,NA,GPL,NA,NA,NA,NA,no,3.5.0
compiler,/Library/Frameworks/R.framework/Versions/3.5/Resources/library,3.5.0,base,NA,NA,NA,NA,NA,Part of R 3.5.0,NA,NA,NA,NA,NA,3.5.0
datasets,/Library/Frameworks/R.framework/Versions/3.5/Resources/library,3.5.0,base,NA,NA,NA,NA,NA,Part of R 3.5.0,NA,NA,NA,NA,NA,3.5.0
foreign,/Library/Frameworks/R.framework/Versions/3.5/Resources/library,0.8-70,recommended,R (>= 3.0.0),"methods, utils, stats",NA,NA,NA,GPL (>= 2),NA,NA,NA,NA,yes,3.5.0
graphics,/Library/Frameworks/R.framework/Versions/3.5/Resources/library,3.5.0,base,NA,grDevices,NA,NA,NA,Part of R 3.5.0,NA,NA,NA,NA,yes,3.5.0
grDevices,/Library/Frameworks/R.framework/Versions/3.5/Resources/library,3.5.0,base,NA,NA,NA,KernSmooth,NA,Part of R 3.5.0,NA,NA,NA,NA,yes,3.5.0
grid,/Library/Frameworks/R.framework/Versions/3.5/Resources/library,3.5.0,base,NA,"grDevices, utils",NA,lattice,NA,Part of R 3.5.0,NA,NA,NA,NA,yes,3.5.0
KernSmooth,/Library/Frameworks/R.framework/Versions/3.5/Resources/library,2.23-15,recommended,"R (>= 2.5.0), stats",NA,NA,MASS,NA,Unlimited,NA,NA,NA,NA,yes,3.5.0
lattice,/Library/Frameworks/R.framework/Versions/3.5/Resources/library,0.20-35,recommended,R (>= 3.0.0),"grid, grDevices, graphics, stats, utils",NA,"KernSmooth, MASS, latticeExtra",chron,GPL (>= 2),NA,NA,NA,NA,yes,3.5.0
MASS,/Library/Frameworks/R.framework/Versions/3.5/Resources/library,7.3-49,recommended,"R (>= 3.1.0), grDevices, graphics, stats, utils",methods,NA,"lattice, nlme, nnet, survival",NA,GPL-2 | GPL-3,NA,NA,NA,NA,yes,3.5.0
Matrix,/Library/Frameworks/R.framework/Versions/3.5/Resources/library,1.2-14,recommended,R (>= 3.2.0),"methods, graphics, grid, stats, utils, lattice",NA,"expm, MASS","MatrixModels, graph, SparseM, sfsmisc",GPL (>= 2) | file LICENCE,NA,NA,NA,NA,yes,3.5.0
methods,/Library/Frameworks/R.framework/Versions/3.5/Resources/library,3.5.0,base,NA,"utils, stats",NA,codetools,NA,Part of R 3.5.0,NA,NA,NA,NA,yes,3.5.0
mgcv,/Library/Frameworks/R.framework/Versions/3.5/Resources/library,1.8-23,recommended,"R (>= 2.14.0), nlme (>= 3.1-64)","methods, stats, graphics, Matrix",NA,"splines, parallel, survival, MASS",NA,GPL (>= 2),NA,NA,NA,NA,yes,3.5.0
nlme,/Library/Frameworks/R.framework/Versions/3.5/Resources/library,3.1-137,recommended,R (>= 3.4.0),"graphics, stats, utils, lattice",NA,"Hmisc, MASS",NA,GPL (>= 2) | file LICENCE,NA,NA,NA,NA,yes,3.5.0
nnet,/Library/Frameworks/R.framework/Versions/3.5/Resources/library,7.3-12,recommended,"R (>= 2.14.0), stats, utils",NA,NA,MASS,NA,GPL-2 | GPL-3,NA,NA,NA,NA,yes,3.5.0
parallel,/Library/Frameworks/R.framework/Versions/3.5/Resources/library,3.5.0,base,NA,"tools, compiler",NA,methods,"snow, nws, Rmpi",Part of R 3.5.0,NA,NA,NA,NA,yes,3.5.0
rpart,/Library/Frameworks/R.framework/Versions/3.5/Resources/library,4.1-13,recommended,"R (>= 2.15.0), graphics, stats, grDevices",NA,NA,survival,NA,GPL-2 | GPL-3,NA,NA,NA,NA,yes,3.5.0
spatial,/Library/Frameworks/R.framework/Versions/3.5/Resources/library,7.3-11,recommended,"R (>= 3.0.0), graphics, stats, utils",NA,NA,MASS,NA,GPL-2 | GPL-3,NA,NA,NA,NA,yes,3.5.0
splines,/Library/Frameworks/R.framework/Versions/3.5/Resources/library,3.5.0,base,NA,"graphics, stats",NA,"Matrix, methods",NA,Part of R 3.5.0,NA,NA,NA,NA,yes,3.5.0
stats,/Library/Frameworks/R.framework/Versions/3.5/Resources/library,3.5.0,base,NA,"utils, grDevices, graphics",NA,"MASS, Matrix, SuppDists, methods, stats4",NA,Part of R 3.5.0,NA,NA,NA,NA,yes,3.5.0
stats4,/Library/Frameworks/R.framework/Versions/3.5/Resources/library,3.5.0,base,NA,"graphics, methods, stats",NA,NA,NA,Part of R 3.5.0,NA,NA,NA,NA,NA,3.5.0
survival,/Library/Frameworks/R.framework/Versions/3.5/Resources/library,2.41-3,recommended,R (>= 2.13.0),"graphics, Matrix, methods, splines, stats, utils",NA,NA,NA,LGPL (>= 2),NA,NA,NA,NA,yes,3.5.0
tcltk,/Library/Frameworks/R.framework/Versions/3.5/Resources/library,3.5.0,base,NA,utils,NA,NA,NA,Part of R 3.5.0,NA,NA,NA,NA,yes,3.5.0
tools,/Library/Frameworks/R.framework/Versions/3.5/Resources/library,3.5.0,base,NA,NA,NA,"codetools, methods, xml2, curl",NA,Part of R 3.5.0,NA,NA,NA,NA,yes,3.5.0
utils,/Library/Frameworks/R.framework/Versions/3.5/Resources/library,3.5.0,base,NA,NA,NA,"methods, xml2, commonmark",NA,Part of R 3.5.0,NA,NA,NA,NA,yes,3.5.0
